{
  "fonts": {
    "mono": {
      "name":           "DroidSansMono",
      "height":         13
    },
    "sans": {
      "name":           "DroidSansMono",
      "height":         13
    },
    "small": {
      "name":           "DroidSansMono",
      "height":         10
    },
    "large": {
      "name":           "DroidSansMono",
      "height":         14
    },
    "title": {
      "name":           "DroidSansMono",
      "height":         18
    }
  },
  "sounds": {
    "bell":             "sfxr/bell",
    "click":            "sfxr/click",
    "nextWeapon":       "free/itempick"
  }
}
