[
  {
    "name": "idle",
    "onUpdate":
    "
      ozRandomWalk()
    ",
    "links":
    [
      {
	"if": "return ozSomething()",
	"to": "salute"
      },
      {
	"if": "ozBindObjects( 0.5, 0.5, 0.5 ) for i = 1, 5 do end return true",
	"to": "attack"
      }
    ]
  },
  {
    "name": "attack",
    "onUpdate":
    "
      ozAim()
      ozShoot()
    ",
    "links":
    [
      {
	"if": "return ozTargetLost()",
	"to": "idle"
      }
    ]
  },
  {
    "name": "salute",
    "onEnter":
    "
      ozSalute()
    ",
    "links":
    [
      {
	"if": "return time > 5",
	"to": "idle"
      }
    ]
  }
]
